epoch,time,train/box_loss,train/cls_loss,train/dfl_loss,metrics/precision(B),metrics/recall(B),metrics/mAP50(B),metrics/mAP50-95(B),val/box_loss,val/cls_loss,val/dfl_loss,lr/pg0,lr/pg1,lr/pg2
1,0.90407,2.01147,10.6159,1.19481,0,0,0,0,2.39576,15.14,1.64662,2e-05,2e-05,2e-05
2,1.66291,2.08603,9.50813,1.21583,0,0,0,0,2.39616,15.6874,1.64906,5.9703e-05,5.9703e-05,5.9703e-05
3,2.27586,1.98688,13.0516,1.24003,0,0,0,0,2.38773,15.5292,1.64747,9.901e-05,9.901e-05,9.901e-05
4,2.89416,2.20503,12.6466,1.31306,0,0,0,0,2.37185,15.3448,1.65739,0.000137921,0.000137921,0.000137921
5,3.54333,2.07407,11.6258,1.13762,0.38793,0.66667,0.566,0.25129,2.20979,6.36447,1.64711,0.000176436,0.000176436,0.000176436
6,4.31286,1.71397,5.34295,1.13262,0.58575,1,0.863,0.46151,1.77035,7.93421,1.27722,0.000214555,0.000214555,0.000214555
7,5.08181,1.40828,4.06718,0.97178,0.96657,1,0.995,0.60872,1.34021,7.65342,1.06636,0.000252278,0.000252278,0.000252278
8,5.82934,1.44065,3.50259,1.03386,0.97897,1,0.995,0.61944,1.28356,6.68173,0.99986,0.000289605,0.000289605,0.000289605
9,6.57836,1.50323,2.38639,1.01482,0.98277,1,0.995,0.63056,1.51093,6.0808,1.04031,0.000326536,0.000326536,0.000326536
10,7.32672,1.39778,2.49517,1.00756,0.9851,1,0.995,0.61381,1.57307,5.2668,1.00852,0.000363071,0.000363071,0.000363071
11,8.04724,1.4018,1.89244,0.9967,0.98315,1,0.995,0.597,1.59627,5.18115,1.0634,0.00039921,0.00039921,0.00039921
12,8.81078,1.27224,1.63519,0.99146,0.9811,1,0.995,0.675,1.34567,5.49308,1.07799,0.000434953,0.000434953,0.000434953
13,9.717,1.27904,1.76317,0.93031,0.55333,0.66667,0.64133,0.44599,1.1665,6.158,0.99796,0.0004703,0.0004703,0.0004703
14,10.5541,1.31108,1.51379,0.9667,0.2469,1,0.27136,0.18298,1.17353,5.9978,1.05837,0.000505251,0.000505251,0.000505251
15,11.3682,1.16027,1.22269,0.93237,0.1628,0.33333,0.16583,0.11086,1.51805,5.25806,1.22078,0.000539806,0.000539806,0.000539806
16,12.1616,1.25615,1.13135,0.93253,0.06328,1,0.07855,0.04848,1.73426,4.61768,1.27468,0.000573965,0.000573965,0.000573965
17,12.9455,1.21284,1.20018,0.95502,0.04402,1,0.09045,0.05291,1.8194,4.1567,1.28383,0.000607728,0.000607728,0.000607728
18,13.7246,1.15942,1.37077,0.96616,0.005,1,0.06092,0.03729,1.80272,5.6684,1.41522,0.000641095,0.000641095,0.000641095
19,14.5095,1.16023,1.07578,0.9127,0.06026,0.66667,0.07107,0.04194,1.82116,5.46678,1.32823,0.000674066,0.000674066,0.000674066
20,15.2919,1.32157,0.9439,0.94004,0.07409,0.45765,0.1495,0.08701,1.8091,4.15332,1.25316,0.000706641,0.000706641,0.000706641
21,16.0671,1.19417,0.87062,0.9391,0.19878,0.66667,0.6375,0.333,1.76127,3.46825,1.25732,0.00073882,0.00073882,0.00073882
22,16.919,1.34146,0.99707,0.97829,0.3274,0.82229,0.38975,0.1733,1.5867,2.79311,1.15331,0.000770603,0.000770603,0.000770603
23,17.6836,1.18011,0.96004,0.91611,0.3632,0.95596,0.37313,0.23515,1.49399,2.0911,1.10365,0.00080199,0.00080199,0.00080199
24,18.4227,1.23597,0.87825,0.95729,0.25993,1,0.2985,0.17931,1.57047,2.38123,1.15408,0.000832981,0.000832981,0.000832981
25,19.2093,1.17983,0.8822,0.97736,0.13738,1,0.22962,0.11591,1.5097,2.5035,1.11064,0.000863576,0.000863576,0.000863576
26,20.0039,1.06413,0.80795,0.95932,0.47595,0.66667,0.775,0.29211,1.68281,2.11855,1.13333,0.000893775,0.000893775,0.000893775
27,20.9037,1.0865,0.70724,0.92323,0.5088,0.69599,0.863,0.40547,1.76185,1.69082,1.18766,0.000923578,0.000923578,0.000923578
28,21.7818,1.08082,0.70495,0.90653,0.5088,0.69599,0.863,0.40547,1.76185,1.69082,1.18766,0.000952985,0.000952985,0.000952985
29,22.6746,0.94983,0.71754,0.95608,0.72354,0.89415,0.74625,0.37354,1.62031,1.5808,1.10177,0.000981996,0.000981996,0.000981996
30,23.5502,1.3523,0.76667,0.94063,1,0.98795,0.995,0.57589,1.42407,1.29083,1.03033,0.00101061,0.00101061,0.00101061
31,24.4163,1.09626,0.67675,0.91264,1,0.98795,0.995,0.57589,1.42407,1.29083,1.03033,0.00103883,0.00103883,0.00103883
32,25.3421,1.09884,0.67345,0.93735,1,0.95748,0.995,0.6965,1.23767,1.22618,1.02319,0.00106665,0.00106665,0.00106665
33,26.2775,1.05378,0.72158,0.9334,1,0.96473,0.995,0.6965,1.2664,1.21278,1.04061,0.00109408,0.00109408,0.00109408
34,27.1606,1.12668,0.68482,0.9384,1,0.96473,0.995,0.6965,1.2664,1.21278,1.04061,0.00112111,0.00112111,0.00112111
35,28.0651,1.13028,0.6944,0.93935,1,0.98674,0.995,0.65819,1.34777,1.00029,1.10686,0.00114775,0.00114775,0.00114775
36,28.9158,1.18135,0.66483,0.93969,0.97919,1,0.995,0.71331,1.30418,1.01611,1.1395,0.00117399,0.00117399,0.00117399
37,29.7725,1.03886,0.62439,0.91293,0.97919,1,0.995,0.71331,1.30418,1.01611,1.1395,0.00119983,0.00119983,0.00119983
38,30.6652,1.01654,0.63263,0.90904,0.96605,1,0.995,0.59761,1.25638,0.90833,1.25064,0.00122528,0.00122528,0.00122528
39,31.502,1.15975,0.6294,0.93455,0.94919,1,0.995,0.65311,1.3527,1.04226,1.40179,0.00125033,0.00125033,0.00125033
40,32.3206,1.22284,0.68716,1.01381,0.94919,1,0.995,0.65311,1.3527,1.04226,1.40179,0.00127498,0.00127498,0.00127498
41,33.1678,1.09187,0.62547,0.88552,0.96954,1,0.995,0.56467,1.52655,0.84127,1.37299,0.00129924,0.00129924,0.00129924
42,34.0104,1.0074,0.64942,0.88426,0.9751,1,0.995,0.68036,1.16005,0.86347,1.34188,0.0013231,0.0013231,0.0013231
43,34.8401,1.09482,0.59043,0.89282,0.9751,1,0.995,0.68036,1.16005,0.86347,1.34188,0.00134657,0.00134657,0.00134657
44,35.6991,1.03634,0.59307,0.92057,0.98596,1,0.995,0.6965,1.34379,0.75798,1.2931,0.00136964,0.00136964,0.00136964
45,36.5226,0.99865,0.63722,0.93746,0.98596,1,0.995,0.6965,1.34379,0.75798,1.2931,0.00139232,0.00139232,0.00139232
46,37.3772,1.14415,0.69734,0.90437,0.98218,1,0.995,0.54052,1.67546,0.70714,1.26532,0.0014146,0.0014146,0.0014146
47,38.2053,1.06106,0.64248,0.94661,0.98218,1,0.995,0.54052,1.67546,0.70714,1.26532,0.00143648,0.00143648,0.00143648
48,39.0721,1.04168,0.61425,0.91576,0.98299,1,0.995,0.47782,2.06424,0.73207,1.38411,0.00145797,0.00145797,0.00145797
49,39.9029,1.06824,0.59369,0.94264,0.98299,1,0.995,0.47782,2.06424,0.73207,1.38411,0.00147906,0.00147906,0.00147906
50,40.7508,0.98569,0.63657,0.89544,0.98465,1,0.995,0.51012,1.93515,0.74951,1.29993,0.00149975,0.00149975,0.00149975
51,41.5827,1.04871,0.57475,0.91625,0.98465,1,0.995,0.51012,1.93515,0.74951,1.29993,0.001505,0.001505,0.001505
52,42.436,1.09011,0.6135,0.90579,0.99668,1,0.995,0.48815,1.81095,0.76343,1.28984,0.0014951,0.0014951,0.0014951
53,43.2424,0.98076,0.6103,0.91801,0.99668,1,0.995,0.48815,1.81095,0.76343,1.28984,0.0014852,0.0014852,0.0014852
54,44.0999,1.05819,0.61272,0.9271,1,0.99052,0.995,0.58784,1.71726,0.90149,1.16651,0.0014753,0.0014753,0.0014753
55,44.9287,0.99044,0.62196,0.92485,1,0.99052,0.995,0.58784,1.71726,0.90149,1.16651,0.0014654,0.0014654,0.0014654
56,45.7745,1.06305,0.61286,0.8701,0.98208,1,0.995,0.60876,1.62879,0.7002,1.19513,0.0014555,0.0014555,0.0014555
57,46.5918,1.04738,0.61395,0.85581,0.98208,1,0.995,0.60876,1.62879,0.7002,1.19513,0.0014456,0.0014456,0.0014456
58,47.445,0.97368,0.60391,0.92033,0.97958,1,0.995,0.46593,1.62512,0.75678,1.32939,0.0014357,0.0014357,0.0014357
59,48.2666,0.97614,0.58589,0.93231,0.97958,1,0.995,0.46593,1.62512,0.75678,1.32939,0.0014258,0.0014258,0.0014258
60,49.1206,1.01489,0.55437,0.90167,0.97962,1,0.995,0.53242,1.51515,0.74621,1.31817,0.0014159,0.0014159,0.0014159
61,49.9392,0.84436,0.52645,0.9019,0.97962,1,0.995,0.53242,1.51515,0.74621,1.31817,0.001406,0.001406,0.001406
62,50.7985,0.91446,0.56645,0.87278,0.97913,1,0.995,0.63152,1.34534,0.69713,1.24451,0.0013961,0.0013961,0.0013961
63,51.6643,0.85546,0.51475,0.83746,0.97913,1,0.995,0.63152,1.34534,0.69713,1.24451,0.0013862,0.0013862,0.0013862
64,52.5925,1.01605,0.6093,0.8974,0.98141,1,0.995,0.64845,1.43552,0.67058,1.23799,0.0013763,0.0013763,0.0013763
65,53.4902,0.9699,0.53285,0.87312,0.98141,1,0.995,0.64845,1.43552,0.67058,1.23799,0.0013664,0.0013664,0.0013664
66,54.4158,0.97559,0.56271,0.87437,0.98267,1,0.995,0.73156,1.40429,0.644,1.26041,0.0013565,0.0013565,0.0013565
67,55.3035,0.87415,0.56017,0.86834,0.98267,1,0.995,0.73156,1.40429,0.644,1.26041,0.0013466,0.0013466,0.0013466
68,56.196,0.89002,0.52636,0.85785,0.98188,1,0.995,0.55022,1.64532,0.59625,1.35561,0.0013367,0.0013367,0.0013367
69,57.0481,0.86383,0.51013,0.87319,0.98188,1,0.995,0.55022,1.64532,0.59625,1.35561,0.0013268,0.0013268,0.0013268
70,57.9256,0.93224,0.55484,0.94449,0.98344,1,0.995,0.54427,1.60772,0.59611,1.32372,0.0013169,0.0013169,0.0013169
71,58.7654,0.91749,0.52285,0.88465,0.98344,1,0.995,0.54427,1.60772,0.59611,1.32372,0.001307,0.001307,0.001307
72,59.6645,0.85879,0.51468,0.85842,0.98409,1,0.995,0.56575,1.44844,0.58118,1.24417,0.0012971,0.0012971,0.0012971
73,60.5027,0.9578,0.56554,0.89187,0.98409,1,0.995,0.56575,1.44844,0.58118,1.24417,0.0012872,0.0012872,0.0012872
74,61.3778,0.88785,0.51043,0.85788,0.98117,1,0.995,0.62046,1.39241,0.68999,1.15534,0.0012773,0.0012773,0.0012773
75,62.2044,0.89538,0.52379,0.90312,0.98117,1,0.995,0.62046,1.39241,0.68999,1.15534,0.0012674,0.0012674,0.0012674
76,63.0677,0.92941,0.54245,0.88382,0.97991,1,0.995,0.53322,1.77513,0.66322,1.1321,0.0012575,0.0012575,0.0012575
77,63.9357,0.99472,0.5114,0.8656,0.97991,1,0.995,0.53322,1.77513,0.66322,1.1321,0.0012476,0.0012476,0.0012476
78,64.8152,0.93584,0.50904,0.8949,0.98312,1,0.995,0.50998,1.84489,0.63209,1.15055,0.0012377,0.0012377,0.0012377
79,65.6298,0.90802,0.51266,0.89242,0.98312,1,0.995,0.50998,1.84489,0.63209,1.15055,0.0012278,0.0012278,0.0012278
80,66.4666,0.92035,0.52536,0.86817,0.98553,1,0.995,0.50269,1.75566,0.6924,1.27022,0.0012179,0.0012179,0.0012179
81,67.2974,0.85131,0.47929,0.88145,0.98553,1,0.995,0.50269,1.75566,0.6924,1.27022,0.001208,0.001208,0.001208
82,68.1251,0.78996,0.49322,0.84369,0.9857,1,0.995,0.49988,1.85402,0.78494,1.37377,0.0011981,0.0011981,0.0011981
83,68.9466,0.85545,0.49217,0.87538,0.9857,1,0.995,0.49988,1.85402,0.78494,1.37377,0.0011882,0.0011882,0.0011882
84,69.8007,0.85606,0.50303,0.87207,0.98512,1,0.995,0.50936,1.80599,0.76969,1.32567,0.0011783,0.0011783,0.0011783
85,70.6163,0.78889,0.4664,0.85369,0.98512,1,0.995,0.50936,1.80599,0.76969,1.32567,0.0011684,0.0011684,0.0011684
86,71.4691,0.87022,0.48044,0.86655,0.98312,1,0.995,0.49543,1.76336,0.71607,1.21946,0.0011585,0.0011585,0.0011585
87,72.2798,0.83289,0.47797,0.85871,0.98312,1,0.995,0.49543,1.76336,0.71607,1.21946,0.0011486,0.0011486,0.0011486
88,73.1142,0.77943,0.46122,0.86696,0.98397,1,0.995,0.54182,1.7527,0.71733,1.17198,0.0011387,0.0011387,0.0011387
89,73.9309,0.87893,0.50093,0.89957,0.98397,1,0.995,0.54182,1.7527,0.71733,1.17198,0.0011288,0.0011288,0.0011288
90,74.767,0.83914,0.47449,0.86058,0.98455,1,0.995,0.54467,1.70162,0.74758,1.12524,0.0011189,0.0011189,0.0011189
91,75.5903,0.81538,0.46842,0.83658,0.98455,1,0.995,0.54467,1.70162,0.74758,1.12524,0.001109,0.001109,0.001109
92,76.4266,0.71433,0.42085,0.81073,0.98457,1,0.995,0.54562,1.65436,0.66666,1.17834,0.0010991,0.0010991,0.0010991
93,77.2366,0.79144,0.47073,0.81587,0.98457,1,0.995,0.54562,1.65436,0.66666,1.17834,0.0010892,0.0010892,0.0010892
94,78.0687,0.85536,0.44909,0.85423,0.98364,1,0.995,0.56116,1.76993,0.61498,1.29419,0.0010793,0.0010793,0.0010793
95,78.8828,0.77514,0.48421,0.85571,0.98364,1,0.995,0.56116,1.76993,0.61498,1.29419,0.0010694,0.0010694,0.0010694
96,79.7537,0.86495,0.50006,0.87138,0.9844,1,0.995,0.58009,1.78923,0.67807,1.35466,0.0010595,0.0010595,0.0010595
97,80.5746,0.73174,0.4281,0.85779,0.9844,1,0.995,0.58009,1.78923,0.67807,1.35466,0.0010496,0.0010496,0.0010496
98,81.4132,0.75348,0.44897,0.81425,0.98507,1,0.995,0.5623,1.87962,0.73442,1.35864,0.0010397,0.0010397,0.0010397
99,82.2277,0.82684,0.45687,0.85719,0.98507,1,0.995,0.5623,1.87962,0.73442,1.35864,0.0010298,0.0010298,0.0010298
100,83.0679,0.7752,0.46063,0.85124,0.98477,1,0.995,0.49021,1.95829,0.723,1.36047,0.0010199,0.0010199,0.0010199
101,83.8779,0.73092,0.42747,0.85505,0.98477,1,0.995,0.49021,1.95829,0.723,1.36047,0.00101,0.00101,0.00101
102,84.7528,0.79285,0.45586,0.85752,0.98351,1,0.995,0.58379,1.82362,0.61686,1.33975,0.0010001,0.0010001,0.0010001
103,85.5656,0.81685,0.45441,0.86875,0.98351,1,0.995,0.58379,1.82362,0.61686,1.33975,0.0009902,0.0009902,0.0009902
104,86.3935,0.79195,0.4391,0.83544,0.98323,1,0.995,0.58332,1.773,0.6106,1.30365,0.0009803,0.0009803,0.0009803
105,87.2255,0.72185,0.42851,0.85625,0.98323,1,0.995,0.58332,1.773,0.6106,1.30365,0.0009704,0.0009704,0.0009704
106,88.0558,0.73782,0.46254,0.86732,0.98399,1,0.995,0.55122,1.86856,0.61896,1.25002,0.0009605,0.0009605,0.0009605
107,88.8739,0.77854,0.44194,0.87091,0.98399,1,0.995,0.55122,1.86856,0.61896,1.25002,0.0009506,0.0009506,0.0009506
108,89.7339,0.70882,0.43091,0.82196,0.98374,1,0.995,0.50033,1.87311,0.63571,1.26744,0.0009407,0.0009407,0.0009407
109,90.5578,0.73745,0.41787,0.83173,0.98374,1,0.995,0.50033,1.87311,0.63571,1.26744,0.0009308,0.0009308,0.0009308
110,91.3911,0.67968,0.39386,0.81368,0.98457,1,0.995,0.53574,1.784,0.66551,1.32364,0.0009209,0.0009209,0.0009209
111,92.1956,0.71102,0.44216,0.79739,0.98457,1,0.995,0.53574,1.784,0.66551,1.32364,0.000911,0.000911,0.000911
112,93.0205,0.78338,0.42273,0.84325,0.98491,1,0.995,0.57003,1.70015,0.6398,1.27971,0.0009011,0.0009011,0.0009011
113,93.8542,0.71125,0.41674,0.83086,0.98491,1,0.995,0.57003,1.70015,0.6398,1.27971,0.0008912,0.0008912,0.0008912
114,94.718,0.69251,0.43095,0.84089,0.98499,1,0.995,0.63767,1.70473,0.5912,1.23943,0.0008813,0.0008813,0.0008813
115,95.5394,0.68428,0.42002,0.81587,0.98499,1,0.995,0.63767,1.70473,0.5912,1.23943,0.0008714,0.0008714,0.0008714
116,96.3853,0.62404,0.41378,0.85329,0.98443,1,0.995,0.59207,1.74672,0.58803,1.21795,0.0008615,0.0008615,0.0008615
117,97.2224,0.68147,0.41572,0.83359,0.98443,1,0.995,0.59207,1.74672,0.58803,1.21795,0.0008516,0.0008516,0.0008516
118,98.0587,0.66444,0.42148,0.86726,0.9848,1,0.995,0.56974,1.83779,0.66195,1.22484,0.0008417,0.0008417,0.0008417
119,98.8759,0.68127,0.41716,0.79992,0.9848,1,0.995,0.56974,1.83779,0.66195,1.22484,0.0008318,0.0008318,0.0008318
120,99.7211,0.73041,0.42617,0.85322,0.985,1,0.995,0.57024,1.70215,0.62091,1.19453,0.0008219,0.0008219,0.0008219
121,100.544,0.6301,0.38076,0.85363,0.985,1,0.995,0.57024,1.70215,0.62091,1.19453,0.000812,0.000812,0.000812
122,101.391,0.69668,0.4123,0.80773,0.98529,1,0.995,0.65509,1.4365,0.49417,1.16277,0.0008021,0.0008021,0.0008021
123,102.208,0.66352,0.40762,0.82452,0.98529,1,0.995,0.65509,1.4365,0.49417,1.16277,0.0007922,0.0007922,0.0007922
124,103.054,0.68173,0.40784,0.8374,0.98554,1,0.995,0.68252,1.33623,0.50354,1.1684,0.0007823,0.0007823,0.0007823
125,103.88,0.66459,0.40026,0.83709,0.98554,1,0.995,0.68252,1.33623,0.50354,1.1684,0.0007724,0.0007724,0.0007724
126,104.722,0.67164,0.41794,0.85697,0.98532,1,0.995,0.65727,1.34681,0.52879,1.16862,0.0007625,0.0007625,0.0007625
127,105.531,0.64225,0.39641,0.83932,0.98532,1,0.995,0.65727,1.34681,0.52879,1.16862,0.0007526,0.0007526,0.0007526
128,106.368,0.63308,0.39569,0.83775,0.98544,1,0.995,0.60451,1.42349,0.57487,1.12876,0.0007427,0.0007427,0.0007427
129,107.201,0.67785,0.38213,0.83,0.98544,1,0.995,0.60451,1.42349,0.57487,1.12876,0.0007328,0.0007328,0.0007328
130,108.081,0.73081,0.40375,0.8141,0.98565,1,0.995,0.60403,1.48224,0.6092,1.11878,0.0007229,0.0007229,0.0007229
131,108.905,0.69943,0.41607,0.86078,0.98565,1,0.995,0.60403,1.48224,0.6092,1.11878,0.000713,0.000713,0.000713
132,109.741,0.69719,0.42888,0.85217,0.98557,1,0.995,0.62595,1.53298,0.51168,1.08021,0.0007031,0.0007031,0.0007031
133,110.574,0.6465,0.39456,0.83542,0.98557,1,0.995,0.62595,1.53298,0.51168,1.08021,0.0006932,0.0006932,0.0006932
134,111.407,0.64352,0.39891,0.83974,0.98513,1,0.995,0.69077,1.48664,0.4532,1.05283,0.0006833,0.0006833,0.0006833
135,112.225,0.56063,0.36824,0.8113,0.98513,1,0.995,0.69077,1.48664,0.4532,1.05283,0.0006734,0.0006734,0.0006734
136,113.064,0.71617,0.41831,0.84565,0.98478,1,0.995,0.59257,1.55347,0.49263,1.06696,0.0006635,0.0006635,0.0006635
137,113.875,0.69483,0.40444,0.84651,0.98478,1,0.995,0.59257,1.55347,0.49263,1.06696,0.0006536,0.0006536,0.0006536
138,114.713,0.67657,0.40601,0.83827,0.98481,1,0.995,0.60864,1.61771,0.52937,1.08611,0.0006437,0.0006437,0.0006437
139,115.524,0.58994,0.38464,0.8191,0.98481,1,0.995,0.60864,1.61771,0.52937,1.08611,0.0006338,0.0006338,0.0006338
140,116.359,0.67437,0.38778,0.83018,0.98515,1,0.995,0.60705,1.71585,0.57321,1.11306,0.0006239,0.0006239,0.0006239
141,117.173,0.72016,0.40319,0.87526,0.98515,1,0.995,0.60705,1.71585,0.57321,1.11306,0.000614,0.000614,0.000614
142,117.991,0.6814,0.40785,0.81162,0.98523,1,0.995,0.60585,1.72268,0.60742,1.12039,0.0006041,0.0006041,0.0006041
143,118.834,0.6682,0.40269,0.84538,0.98523,1,0.995,0.60585,1.72268,0.60742,1.12039,0.0005942,0.0005942,0.0005942
144,119.702,0.65171,0.40457,0.81586,0.98508,1,0.995,0.60493,1.68299,0.59785,1.12595,0.0005843,0.0005843,0.0005843
145,120.538,0.64223,0.39384,0.85594,0.98508,1,0.995,0.60493,1.68299,0.59785,1.12595,0.0005744,0.0005744,0.0005744
146,121.372,0.68803,0.39776,0.83975,0.98509,1,0.995,0.65205,1.6017,0.59059,1.14419,0.0005645,0.0005645,0.0005645
147,122.181,0.60042,0.39072,0.80292,0.98509,1,0.995,0.65205,1.6017,0.59059,1.14419,0.0005546,0.0005546,0.0005546
148,123.015,0.59899,0.40318,0.81787,0.98538,1,0.995,0.6325,1.60548,0.52169,1.17647,0.0005447,0.0005447,0.0005447
149,123.851,0.6113,0.36934,0.80961,0.98538,1,0.995,0.6325,1.60548,0.52169,1.17647,0.0005348,0.0005348,0.0005348
150,124.687,0.63136,0.39106,0.83659,0.98519,1,0.995,0.59605,1.63066,0.57917,1.18381,0.0005249,0.0005249,0.0005249
151,125.49,0.66057,0.40111,0.83696,0.98519,1,0.995,0.59605,1.63066,0.57917,1.18381,0.000515,0.000515,0.000515
152,126.308,0.63762,0.39437,0.80129,0.98524,1,0.995,0.64767,1.5393,0.58667,1.1535,0.0005051,0.0005051,0.0005051
153,127.122,0.58546,0.37177,0.82369,0.98524,1,0.995,0.64767,1.5393,0.58667,1.1535,0.0004952,0.0004952,0.0004952
154,127.972,0.61254,0.36095,0.83777,0.98536,1,0.995,0.60864,1.54468,0.61532,1.11435,0.0004853,0.0004853,0.0004853
155,128.804,0.60967,0.37205,0.80323,0.98536,1,0.995,0.60864,1.54468,0.61532,1.11435,0.0004754,0.0004754,0.0004754
156,129.652,0.53973,0.35607,0.77604,0.98531,1,0.995,0.64012,1.58529,0.55086,1.1083,0.0004655,0.0004655,0.0004655
157,130.489,0.6086,0.36222,0.83341,0.98531,1,0.995,0.64012,1.58529,0.55086,1.1083,0.0004556,0.0004556,0.0004556
158,131.343,0.59691,0.37951,0.83789,0.98542,1,0.995,0.64172,1.54591,0.57038,1.1156,0.0004457,0.0004457,0.0004457
159,132.161,0.59091,0.3632,0.8337,0.98542,1,0.995,0.64172,1.54591,0.57038,1.1156,0.0004358,0.0004358,0.0004358
160,133.005,0.59872,0.37056,0.82136,0.98522,1,0.995,0.70814,1.44473,0.54868,1.11211,0.0004259,0.0004259,0.0004259
161,133.846,0.58249,0.36636,0.80308,0.98522,1,0.995,0.70814,1.44473,0.54868,1.11211,0.000416,0.000416,0.000416
162,134.723,0.62887,0.37583,0.83986,0.98508,1,0.995,0.66911,1.38657,0.49587,1.09677,0.0004061,0.0004061,0.0004061
163,135.562,0.61043,0.36503,0.82048,0.98508,1,0.995,0.66911,1.38657,0.49587,1.09677,0.0003962,0.0003962,0.0003962
164,136.419,0.57836,0.35374,0.81341,0.98531,1,0.995,0.63798,1.3994,0.54303,1.112,0.0003863,0.0003863,0.0003863
165,137.261,0.58002,0.35024,0.82394,0.98531,1,0.995,0.63798,1.3994,0.54303,1.112,0.0003764,0.0003764,0.0003764
166,138.136,0.49164,0.33177,0.78997,0.98499,1,0.995,0.66631,1.42043,0.54014,1.13092,0.0003665,0.0003665,0.0003665
